"Representative","State","Amount"
"McCarthy Kevin (R-CA)","California","$484650"
"Hurd Will (R-TX)","Texas","$461594"
"Ryan Paul (R-WI)","Wisconsin","$386943"
"Scalise Steve (R-LA)","Louisiana","$383665"
"Brady Kevin (R-TX)","Texas","$377134"
"Culberson John (R-TX)","Texas","$313827"
"Walden Greg (R-OR)","Oregon","$290750"
"Sessions Pete (R-TX)","Texas","$267675"
"Denham Jeff (R-CA)","California","$266341"
"Armstrong Kelly (R-ND)","North Dakota","$240501"
"Coffman Mike (R-CO)","Colorado","$222403"
"Gianforte Greg (R-MT)","Montana","$219640"
"Olson Pete (R-TX)","Texas","$206328"
"Graves Garret (R-LA)","Louisiana","$193801"
"Flores Bill (R-TX)","Texas","$188600"
"Mullin Markwayne (R-OK)","Oklahoma","$183350"
"Cuellar Henry (D-TX)","Texas","$173919"
"Upton Fred (R-MI)","Michigan","$151250"
"Conaway Mike (R-TX)","Texas","$150500"
"Shimkus John (R-IL)","Illinois","$148250"
"Paulsen Erik (R-MN)","Minnesota","$146470"
"Crenshaw Dan (R-TX)","Texas","$134058"
"Herrell Yvette (R-NM)","New Mexico","$133100"
"Walters Mimi (R-CA)","California","$132550"
"Estes Ron (R-KS)","Kansas","$131675"
"Roskam Peter (R-IL)","Illinois","$131500"
"Rodgers Cathy McMorris (R-WA)","Washington","$129550"
"Balderson Troy (R-OH)","Ohio","$127598"
"McCaul Michael (R-TX)","Texas","$126700"
"Roy Chip (R-TX)","Texas","$125700"
"Nunes Devin (R-CA)","California","$124552"
"Johnson Bill (R-OH)","Ohio","$124050"
"Bishop Mike (R-MI)","Michigan","$122654"
"Katko John (R-NY)","New York","$122590"
"Reed Tom (R-NY)","New York","$122475"
"Tenney Claudia (R-NY)","New York","$122290"
"Taylor Van (R-TX)","Texas","$121769"
"Bishop Rob (R-UT)","Utah","$121188"
"Hern Kevin (R-OK)","Oklahoma","$119761"
"Cole Tom (R-OK)","Oklahoma","$119250"
"Barr Andy (R-KY)","Kentucky","$113547"
"Curbelo Carlos (R-FL)","Florida","$112361"
"Handel Karen (R-GA)","Georgia","$107000"
"Tipton Scott (R-CO)","Colorado","$106350"
"Valadao David (R-CA)","California","$103599"
"Mast Brian (R-FL)","Florida","$102569"
"Costa Jim (D-CA)","California","$98505"
"Bruun Bech (R-TX)","Texas","$96750"
"Stivers Steve (R-OH)","Ohio","$96500"
"Williams Roger (R-TX)","Texas","$95450"
"Yoder Kevin (R-KS)","Kansas","$95350"
"Weber Randy (R-TX)","Texas","$94550"
"Latta Bob (R-OH)","Ohio","$93825"
"Cheney Liz (R-WY)","Wyoming","$93700"
"Newman Monty (R-NM)","New Mexico","$93598"
"Fletcher Lizzie (D-TX)","Texas","$93042"
"Faso John (R-NY)","New York","$92317"
"Comstock Barbara (R-VA)","Virginia","$91753"
"Shuster Bill (R-PA)","Pennsylvania","$91112"
"Lewis Jason (R-MN)","Minnesota","$89775"
"Russell Steven (R-OK)","Oklahoma","$85750"
"Hudson Richard (R-NC)","North Carolina","$85700"
"Stewart Chris (R-UT)","Utah","$85650"
"McKinley David (R-WV)","West Virginia","$85175"
"Kelly Mike (R-PA)","Pennsylvania","$85100"
"Knight Steve (R-CA)","California","$82761"
"Poliquin Bruce (R-ME)","Maine","$81920"
"Babin Brian (R-TX)","Texas","$81357"
"Rothfus Keith J (R-PA)","Pennsylvania","$81311"
"Thompson Glenn (R-PA)","Pennsylvania","$80100"
"Bacon Donald John (R-NE)","Nebraska","$79640"
"Richmond Cedric (D-LA)","Louisiana","$79200"
"McHenry Patrick (R-NC)","North Carolina","$79000"
"Taylor Scott (R-VA)","Virginia","$78867"
"Johnson Mike (R-LA)","Louisiana","$78350"
"Schrader Kurt (D-OR)","Oregon","$75250"
"Davis Rodney (R-IL)","Illinois","$73500"
"Westerman Bruce (R-AR)","Arkansas","$73400"
"Duncan Jeff (R-SC)","South Carolina","$73350"
"Holding George (R-NC)","North Carolina","$72950"
"Blum Rod (R-IA)","Iowa","$72576"
"Marchant Kenny (R-TX)","Texas","$71650"
"Granger Kay (R-TX)","Texas","$70900"
"Arrington Jodey (R-TX)","Texas","$70750"
"Smucker Lloyd (R-PA)","Pennsylvania","$70071"
"Fitzpatrick Brian (R-PA)","Pennsylvania","$69408"
"Walberg Tim (R-MI)","Michigan","$69400"
"Higgins Clay (R-LA)","Louisiana","$69150"
"Carter Buddy (R-GA)","Georgia","$68400"
"Pence Greg (R-IN)","Indiana","$68150"
"Gooden Lance (R-TX)","Texas","$66450"
"Donovan Dan (R-NY)","New York","$66100"
"Barton Joe (R-TX)","Texas","$64850"
"LaHood Darin (R-IL)","Illinois","$64600"
"Lucas Frank D (R-OK)","Oklahoma","$64600"
"Veasey Marc (D-TX)","Texas","$64006"
"Walorski Jackie (R-IN)","Indiana","$63450"
"Carter John (R-TX)","Texas","$62350"
"Ratcliffe John (R-TX)","Texas","$62000"
"Smith Lamar (R-TX)","Texas","$57450"
"Bost Mike (R-IL)","Illinois","$56340"
"Young Don (R-AK)","Alaska","$56250"
"Long Billy (R-MO)","Missouri","$55000"
"Saccone Rick (R-PA)","Pennsylvania","$54350"
"Collins Chris (R-NY)","New York","$53900"
"Bilirakis Gus (R-FL)","Florida","$53600"
"Reschenthaler Guy (R-PA)","Pennsylvania","$53550"
"Gallagher Mike (R-WI)","Wisconsin","$53450"
"Allred Colin (D-TX)","Texas","$53385"
"Zeldin Lee (R-NY)","New York","$52775"
"Brat Dave (R-VA)","Virginia","$51150"
"Love Mia (R-UT)","Utah","$50677"
"Green Mark (R-TN)","Tennessee","$49400"
"Duffy Sean P (R-WI)","Wisconsin","$49000"
"Thornberry Mac (R-TX)","Texas","$48925"
"Gonzalez Vicente (D-TX)","Texas","$48762"
"Young David (R-IA)","Iowa","$48647"
"Guthrie Brett (R-KY)","Kentucky","$48050"
"Simpson Mike (R-ID)","Idaho","$47500"
"Perry Scott (R-PA)","Pennsylvania","$46550"
"Huizenga Bill (R-MI)","Michigan","$46175"
"Epstein Lena (R-MI)","Michigan","$46150"
"Steil Bryan (R-WI)","Wisconsin","$46100"
"Hill French (R-AR)","Arkansas","$45900"
"Kinzinger Adam (R-IL)","Illinois","$45500"
"Stefanik Elise (R-NY)","New York","$45500"
"Gohmert Louis B Jr (R-TX)","Texas","$45300"
"Buck Ken (R-CO)","Colorado","$44700"
"Gottheimer Josh (D-NJ)","New Jersey","$44605"
"Hoyer Steny H (D-MD)","Maryland","$43750"
"Womack Steve (R-AR)","Arkansas","$43650"
"Lesko Debbie (R-AZ)","Arizona","$41450"
"Meadows Mark (R-NC)","North Carolina","$41225"
"Rogers Hal (R-KY)","Kentucky","$40996"
"Schweikert David (R-AZ)","Arizona","$40950"
"Meehan Patrick (R-PA)","Pennsylvania","$40750"
"Joyce David P (R-OH)","Ohio","$40600"
"Smith Jason (R-MO)","Missouri","$40500"
"Rohrabacher Dana (R-CA)","California","$40060"
"Neal Richard E (D-MA)","Massachusetts","$39900"
"Correa Lou (D-CA)","California","$39500"
"Graves Sam (R-MO)","Missouri","$39300"
"Lance Leonard (R-NJ)","New Jersey","$38400"
"Tiberi Pat (R-OH)","Ohio","$38250"
"Roberts Kevin (R-TX)","Texas","$38050"
"Rogers Wendy (R-AZ)","Arizona","$37800"
"Budd Ted (R-NC)","North Carolina","$37700"
"Hughes Whit (R-MS)","Mississippi","$37400"
"Bergman John (R-MI)","Michigan","$37345"
"Rouzer David (R-NC)","North Carolina","$37000"
"Kim Young (R-CA)","California","$36900"
"Peterson Collin (D-MN)","Minnesota","$36501"
"Griffith Morgan (R-VA)","Virginia","$36350"
"Gibbs Bob (R-OH)","Ohio","$36250"
"Vela Filemon (D-TX)","Texas","$36006"
"Graves Tom (R-GA)","Georgia","$36000"
"Burgess Michael (R-TX)","Texas","$35250"
"Guest Michael (R-MS)","Mississippi","$35150"
"Collins Doug (R-GA)","Georgia","$35000"
"Grothman Glenn (R-WI)","Wisconsin","$34950"
"Wright Ron (R-TX)","Texas","$34800"
"Triantaphyllis Alex (D-TX)","Texas","$34450"
"McNeill Frank (D-NC)","North Carolina","$34390"
"MacArthur Thomas (R-NJ)","New Jersey","$34350"
"Litton Todd (D-TX)","Texas","$33959"
"Tarkanian Danny (R-NV)","Nevada","$33950"
"Calvert Ken (R-CA)","California","$33500"
"Stauber Pete (R-MN)","Minnesota","$33050"
"Rossi Dino (R-WA)","Washington","$32950"
"Buchanan Vernon (R-FL)","Florida","$31750"
"Peters Scott (D-CA)","California","$31703"
"Farenthold Blake (R-TX)","Texas","$31600"
"Beutler Jaime Herrera (R-WA)","Washington","$31350"
"Pallone Frank Jr (D-NJ)","New Jersey","$30950"
"Curtis John (R-UT)","Utah","$30900"
"Walker Mark (R-NC)","North Carolina","$30200"
"Rice Tom (R-SC)","South Carolina","$29950"
"Johnson Dusty (R-SD)","South Dakota","$29850"
"Kulkarni Sri (D-TX)","Texas","$29704"
"Hollingsworth Trey (R-IN)","Indiana","$29450"
"Palazzo Steven (R-MS)","Mississippi","$29450"
"Kelly Trent (R-MS)","Mississippi","$29087"
"Crist Charlie (D-FL)","Florida","$28505"
"Emmer Tom (R-MN)","Minnesota","$28500"
"Roby Martha (R-AL)","Alabama","$28100"
"Larsen Rick (D-WA)","Washington","$27751"
"Watkins Steve (R-KS)","Kansas","$27700"
"Gonzalez Anthony (R-OH)","Ohio","$27550"
"Wagner Ann (R-MO)","Missouri","$27500"
"Malinowski Tom (D-NJ)","New Jersey","$27303"
"Costello Ryan (R-PA)","Pennsylvania","$27200"
"Norman Ralph (R-SC)","South Carolina","$27150"
"Abraham Ralph (R-LA)","Louisiana","$27050"
"Lipinski Daniel (D-IL)","Illinois","$27000"
"Diaz-Balart Mario (R-FL)","Florida","$26500"
"Norcross Don (D-NJ)","New Jersey","$26210"
"Amodei Mark (R-NV)","Nevada","$26000"
"Mooney Alex (R-WV)","West Virginia","$25850"
"McGrath Amy (D-KY)","Kentucky","$25613"
"Swalwell Eric (D-CA)","California","$25558"
"Pounds Bunni (R-TX)","Texas","$25450"
"Wilson Joe (R-SC)","South Carolina","$25300"
"Hultgren Randy (R-IL)","Illinois","$25200"
"Marshall Roger (R-KS)","Kansas","$25082"
"Fulcher Russ (R-ID)","Idaho","$25000"
"Kustoff David (R-TN)","Tennessee","$25000"
"Rose John (R-TN)","Tennessee","$25000"
"Lamb Conor (D-PA)","Pennsylvania","$24797"
"Harkey Diane (R-CA)","California","$24650"
"Cardenas Tony (D-CA)","California","$24530"
"Tonko Paul (D-NY)","New York","$24475"
"Issa Darrell (R-CA)","California","$24050"
"Green Gene (D-TX)","Texas","$24000"
"Loudermilk Barry (R-GA)","Georgia","$24000"
"Foxx Virginia (R-NC)","North Carolina","$23950"
"Hill Owen (R-CO)","Colorado","$23850"
"Gilpin Tim (D-OK)","Oklahoma","$23750"
"Garcia Sylvia (D-TX)","Texas","$23508"
"Cloud Michael (R-TX)","Texas","$23200"
"Frelinghuysen Rodney (R-NJ)","New Jersey","$22800"
"Lamborn Doug (R-CO)","Colorado","$22791"
"Lujan Ben Ray (D-NM)","New Mexico","$22651"
"Jones Gina Ortiz (D-TX)","Texas","$22579"
"Capuano Michael E (D-MA)","Massachusetts","$22325"
"Kopser Joseph (D-TX)","Texas","$22175"
"Thompson Mike (D-CA)","California","$22000"
"LaMalfa Doug (R-CA)","California","$21980"
"Krishnamoorthi Raja (D-IL)","Illinois","$21925"
"Mullikin Tom (R-SC)","South Carolina","$21900"
"Ossoff Jon (D-GA)","Georgia","$21693"
"Wittman Rob (R-VA)","Virginia","$21615"
"Cook Paul (R-CA)","California","$21500"
"Hardy Cresent (R-NV)","Nevada","$21400"
"Brooks Susan (R-IN)","Indiana","$21300"
"Chabot Steve (R-OH)","Ohio","$20700"
"Ellzey Jake (R-TX)","Texas","$20150"
"Clyburn James E (D-SC)","South Carolina","$20006"
"Newhouse Dan (R-WA)","Washington","$20000"
"Tedeschi Peter (R-MA)","Massachusetts","$19975"
"Amash Justin (R-MI)","Michigan","$19900"
"Royce Ed (R-CA)","California","$19600"
"Byrne Bradley (R-AL)","Alabama","$19200"
"Smith Adrian (R-NE)","Nebraska","$19000"
"Smith Chris (R-NJ)","New Jersey","$18956"
"Gosar Paul (R-AZ)","Arizona","$18600"
"Horn Kendra (D-OK)","Oklahoma","$18557"
"Riggleman Denver (R-VA)","Virginia","$18400"
"Jackson Lee Sheila (D-TX)","Texas","$18206"
"Krebs Shantel (R-SD)","South Dakota","$18150"
"Webber Jay (R-NJ)","New Jersey","$18100"
"Welch Peter (D-VT)","Vermont","$18000"
"Waltz Michael (R-FL)","Florida","$17825"
"Ferguson Drew (R-GA)","Georgia","$17700"
"Harper Gregg (R-MS)","Mississippi","$17660"
"Palmer Gary (R-AL)","Alabama","$17500"
"Salazar Maria (R-FL)","Florida","$17100"
"Biggs Andy (R-AZ)","Arizona","$17000"
"Hagedorn Jim (R-MN)","Minnesota","$17000"
"Matsui Doris (D-CA)","California","$17000"
"Arnold-Jones Janice (R-NM)","New Mexico","$16800"
"Galvin Alyse (D-AK)","Alaska","$16796"
"Sewell Terri (D-AL)","Alabama","$16750"
"Miller Carol (R-WV)","West Virginia","$16700"
"Panetta Jimmy (D-CA)","California","$16500"
"Woodall Rob (R-GA)","Georgia","$16500"
"Koh Dan (D-MA)","Massachusetts","$16450"
"Bucshon Larry (R-IN)","Indiana","$16200"
"Aderholt Robert B (R-AL)","Alabama","$16053"
"Jordan Jim (R-OH)","Ohio","$16000"
"Beyer Don (D-VA)","Virginia","$15902"
"Hegar MJ (D-TX)","Texas","$15739"
"Wenstrup Brad (R-OH)","Ohio","$15700"
"Green Rick (R-MA)","Massachusetts","$15400"
"Sanford Mark (R-SC)","South Carolina","$15400"
"Escobar Veronica (D-TX)","Texas","$15383"
"Turner Michael R (R-OH)","Ohio","$15200"
"Davis Paul (D-KS)","Kansas","$15183"
"Banks Jim (R-IN)","Indiana","$15000"
"McClintock Tom (R-CA)","California","$14750"
"DeFazio Peter (D-OR)","Oregon","$14500"
"Steele Dayna (D-TX)","Texas","$14427"
"DelBene Suzan (D-WA)","Washington","$14011"
"Kennedy Joe III (D-MA)","Massachusetts","$13875"
"Hartzler Vicky (R-MO)","Missouri","$13800"
"Ryan Tim (D-OH)","Ohio","$13725"
"Harris Mark (R-NC)","North Carolina","$13600"
"Slotkin Elissa (D-MI)","Michigan","$13517"
"Landry Jeff (R-LA)","Louisiana","$13500"
"Higgins Brian M (D-NY)","New York","$13100"
"Peterson Lea Marquez (R-AZ)","Arizona","$13000"
"Ross Dennis (R-FL)","Florida","$13000"
"Rush Bobby (D-IL)","Illinois","$13000"
"King Pete (R-NY)","New York","$12900"
"Sheets Kenneth (R-TX)","Texas","$12900"
"Castro Joaquin (D-TX)","Texas","$12890"
"Miller Mike (R-FL)","Florida","$12800"
"Harris Andy (R-MD)","Maryland","$12750"
"Moolenaar John (R-MI)","Michigan","$12750"
"Desjarlais Scott (R-TN)","Tennessee","$12400"
"Kilmer Derek (D-WA)","Washington","$12375"
"Pittenger Robert (R-NC)","North Carolina","$12200"
"Lee Susie (D-NV)","Nevada","$11893"
"Garrett Tom (R-VA)","Virginia","$11850"
"Jones Walter B Jr (R-NC)","North Carolina","$11800"
"Bishop Sanford (D-GA)","Georgia","$11750"
"Butterfield G K (D-NC)","North Carolina","$11500"
"Doyle Mike (D-PA)","Pennsylvania","$11500"
"Maloney Carolyn (D-NY)","New York","$11400"
"McCall Matt (R-TX)","Texas","$11400"
"Posey Bill (R-FL)","Florida","$11400"
"Khanna Ro (D-CA)","California","$11311"
"Comer James (R-KY)","Kentucky","$11250"
"Nelson Shawn (R-CA)","California","$11199"
"Meier Edward (D-TX)","Texas","$11075"
"Burchett Tim (R-TN)","Tennessee","$11050"
"Crow Jason (D-CO)","Colorado","$11020"
"Luetkemeyer Blaine (R-MO)","Missouri","$11000"
"Bryce Randy (D-WI)","Wisconsin","$10819"
"Coleman Andy (R-OK)","Oklahoma","$10754"
"Davidson Warren (R-OH)","Ohio","$10500"
"Joyce John (R-PA)","Pennsylvania","$10500"
"Reed Dave (R-PA)","Pennsylvania","$10500"
"Sensenbrenner Jim (R-WI)","Wisconsin","$10500"
"Hamilton Dan (R-SC)","South Carolina","$10400"
"Meuser Dan (R-PA)","Pennsylvania","$10300"
"Hensarling Jeb (R-TX)","Texas","$10200"
"Massie Thomas (R-KY)","Kentucky","$10200"
"Grayson Alan (D-FL)","Florida","$10196"
"Mucarsel-Powell Debbie (D-FL)","Florida","$10053"
"Harbaugh Ken (D-OH)","Ohio","$10004"
"Marino Tom (R-PA)","Pennsylvania","$10000"
"Payne Donald M Jr (D-NJ)","New Jersey","$10000"
"Steube Greg (R-FL)","Florida","$10000"
"Cline Ben (R-VA)","Virginia","$9950"
"Allen Richard W (R-GA)","Georgia","$9800"
"Manning Kathy (D-NC)","North Carolina","$9762"
"Isaac Jason (R-TX)","Texas","$9750"
"Arrington Katie (R-SC)","South Carolina","$9500"
"Thompson Bennie G (D-MS)","Mississippi","$9500"
"Gowdy Trey (R-SC)","South Carolina","$9475"
"Engel Eliot (D-NY)","New York","$9150"
"Hill Katie (D-CA)","California","$9100"
"Levin Mike (D-CA)","California","$9015"
"Brown Anthony (D-MD)","Maryland","$9000"
"Fleischmann Chuck (R-TN)","Tennessee","$9000"
"O'Connor Danny (D-OH)","Ohio","$8977"
"Tucker Clarke (D-AR)","Arkansas","$8937"
"Harris Tim (R-OK)","Oklahoma","$8800"
"Seaman Victoria (R-NV)","Nevada","$8700"
"Wild Bill (D-MI)","Michigan","$8450"
"Grimm Michael (R-NY)","New York","$8400"
"Sherrill Mikie (D-NJ)","New Jersey","$8353"
"Loebsack David (D-IA)","Iowa","$8262"
"Clark Katherine (D-MA)","Massachusetts","$8206"
"Janz Andrew (D-CA)","California","$8155"
"Kim Andy (D-NJ)","New Jersey","$8142"
"Perlmutter Ed (D-CO)","Colorado","$8111"
"Beals Jeff (D-NY)","New York","$8100"
"Franklin George (D-MI)","Michigan","$8100"
"McCready Dan (D-NC)","North Carolina","$8013"
"Anthony Stavros (R-NV)","Nevada","$8000"
"Dingell Debbie (D-MI)","Michigan","$8000"
"Edwards Eddie (R-NH)","New Hampshire","$8000"
"Foster Bill (D-IL)","Illinois","$7950"
"Moser Laura (D-TX)","Texas","$7943"
"Bustos Cheri (D-IL)","Illinois","$7870"
"Small Xochitl Torres (D-NM)","New Mexico","$7761"
"King Steven A (R-IA)","Iowa","$7750"
"Bright Bobby (R-AL)","Alabama","$7700"
"Phillips Rupie Jr (R-WV)","West Virginia","$7700"
"Rouda Harley (D-CA)","California","$7577"
"Morelle Joseph D (D-NY)","New York","$7503"
"Cartwright Matt (D-PA)","Pennsylvania","$7502"
"Goodlatte Bob (R-VA)","Virginia","$7500"
"Kind Ron (D-WI)","Wisconsin","$7500"
"Walz Tim (D-MN)","Minnesota","$7500"
"Negley William (R-TX)","Texas","$7300"
"Crawford Rick (R-AR)","Arkansas","$7250"
"Scott George (D-PA)","Pennsylvania","$7241"
"Javed Tahir (D-TX)","Texas","$7200"
"Desaulnier Mark (D-CA)","California","$7175"
"Zinke Ryan (R-MT)","Montana","$7100"
"Visclosky Pete (D-IN)","Indiana","$7051"
"Navarro Omar (R-CA)","California","$7043"
"Rochester Lisa Blunt (D-DE)","Delaware","$7029"
"Campa-Najjar Ammar (D-CA)","California","$7017"
"Chrin John (R-PA)","Pennsylvania","$7000"
"Hice Jody (R-GA)","Georgia","$7000"
"Lowenthal Alan (D-CA)","California","$7000"
"Rogers Mike D (R-AL)","Alabama","$7000"
"Sanchez Linda (D-CA)","California","$7000"
"Davids Sharice (D-KS)","Kansas","$6970"
"McNerney Jerry (D-CA)","California","$6900"
"Ward John (R-FL)","Florida","$6750"
"Havens Jonathan (R-TX)","Texas","$6550"
"DeGette Diana (D-CO)","Colorado","$6510"
"Armstrong Wil (R-CO)","Colorado","$6500"
"Cooper Jim (D-TN)","Tennessee","$6500"
"Haaland Debra (D-NM)","New Mexico","$6499"
"Wexton Jennifer (D-VA)","Virginia","$6494"
"Omar Ilhan (D-MN)","Minnesota","$6466"
"Scanlon Mary Gay (D-PA)","Pennsylvania","$6451"
"Rice Kathleen (D-NY)","New York","$6408"
"Barreiro Bruno (R-FL)","Florida","$6400"
"McCann John (R-NJ)","New Jersey","$6400"
"Montenegro Steve (R-AZ)","Arizona","$6400"
"Sarver Jenifer (R-TX)","Texas","$6400"
"Van Drew Jeff (D-NJ)","New Jersey","$6318"
"Schrier Kim (D-WA)","Washington","$6255"
"Keating Bill (D-MA)","Massachusetts","$6250"
"Lewis John (D-GA)","Georgia","$6234"
"Pelosi Nancy (D-CA)","California","$6233"
"Gaetz Matt (R-FL)","Florida","$6200"
"Hammond Scott (R-NV)","Nevada","$6200"
"Poe Ted (R-TX)","Texas","$6200"
"Golden Jared (D-ME)","Maine","$6078"
"Delgado Antonio (D-NY)","New York","$6052"
"Horsford Steven (D-NV)","Nevada","$6044"
"Sanchez Jana Lynne (D-TX)","Texas","$6021"
"Barragan Nanette (D-CA)","California","$6015"
"Boyle Brendan (D-PA)","Pennsylvania","$6000"
"Mitchell Paul (R-MI)","Michigan","$6000"
"Spano Ross (R-FL)","Florida","$6000"
"Siegel Mike (D-TX)","Texas","$5901"
"Luria Elaine (D-VA)","Virginia","$5656"
"Anderson Kelliher Margaret (D-MN)","Minnesota","$5650"
"Niermann Tom (D-KS)","Kansas","$5550"
"Crowley Joseph (D-NY)","New York","$5500"
"Doty Sally (R-MS)","Mississippi","$5500"
"Matlock Jimmy (R-TN)","Tennessee","$5500"
"Gallegos Alex (R-ID)","Idaho","$5400"
"Hinchman Clayton (R-AL)","Alabama","$5400"
"Martinez Tony (D-NM)","New Mexico","$5400"
"Nadler Jerrold (D-NY)","New York","$5400"
"Nichols Jason (D-OK)","Oklahoma","$5400"
"Regalado Raquel (R-FL)","Florida","$5400"
"Fareed Justin (R-CA)","California","$5300"
"Underwood Lauren A (D-IL)","Illinois","$5266"
"Welle Josh (D-NJ)","New Jersey","$5220"
"Clarkson Gavin (R-NM)","New Mexico","$5200"
"Timmons William (R-SC)","South Carolina","$5200"
"Axne Cindy (D-IA)","Iowa","$5086"
"Gasper Theresa (D-OH)","Ohio","$5004"
"Lofgren Zoe (D-CA)","California","$5000"
"Mossburg Matt (R-MD)","Maryland","$5000"
"Aguilar Pete (D-CA)","California","$4983"
"Green Al (D-TX)","Texas","$4956"
"Pelzer Kimberlin Brown (R-CA)","California","$4950"
"McAdams Ben (D-UT)","Utah","$4694"
"Baer Lauren (D-FL)","Florida","$4584"
"Spanberger Abigail (D-VA)","Virginia","$4551"
"McEachin Donald (D-VA)","Virginia","$4550"
"Duncan John J Jr (R-TN)","Tennessee","$4500"
"Kaptur Marcy (D-OH)","Ohio","$4500"
"Salerno Lillian (D-TX)","Texas","$4500"
"Yoho Ted (R-FL)","Florida","$4500"
"Peters Christopher (R-IA)","Iowa","$4350"
"Cisneros Gil (D-CA)","California","$4287"
"Colvin Jesse (D-MD)","Maryland","$4255"
"Waters Maxine (D-CA)","California","$4250"
"Gifford Rufus (D-MA)","Massachusetts","$4200"
"Gabbard Tulsi (D-HI)","Hawaii","$4193"
"Heenan John (D-MT)","Montana","$4126"
"Moulton Seth (D-MA)","Massachusetts","$4100"
"Harder Josh (D-CA)","California","$4027"
"Garrett Janet (D-OH)","Ohio","$4021"
"David Steven (D-TX)","Texas","$4006"
"Sergent Talley (D-WV)","West Virginia","$4005"
"Brown David Wilson (D-NC)","North Carolina","$4000"
"Heck Dennis (D-WA)","Washington","$4000"
"Torres Norma (D-CA)","California","$4000"
"Hagan Christina (R-OH)","Ohio","$3950"
"Hanlon Karl (D-CO)","Colorado","$3950"
"Johnson Eddie Bernice (D-TX)","Texas","$3756"
"Kirkpatrick Ann (D-AZ)","Arizona","$3746"
"Quist Robert E. (D-MT)","Montana","$3715"
"Sneathern Andrew (D-VA)","Virginia","$3700"
"Uehlinger Scott (R-PA)","Pennsylvania","$3700"
"Ruiz Raul (D-CA)","California","$3626"
"Saad Fayrouz (D-MI)","Michigan","$3626"
"Schneider Brad (D-IL)","Illinois","$3559"
"Londrigan Betsy Dirksen (D-IL)","Illinois","$3548"
"Blumenauer Earl (D-OR)","Oregon","$3532"
"McGovern James P (D-MA)","Massachusetts","$3505"
"Bass Karen (D-CA)","California","$3500"
"Huffman Jared (D-CA)","California","$3500"
"Napolitano Grace (D-CA)","California","$3500"
"Scott Austin (R-GA)","Georgia","$3500"
"Lee Barbara (D-CA)","California","$3463"
"Casten Sean (D-IL)","Illinois","$3421"
"Bjorkman Tim (D-SD)","South Dakota","$3285"
"McCormick Karen (D-CO)","Colorado","$3259"
"Gomez Jimmy (D-CA)","California","$3250"
"McKellar Shirley (D-TX)","Texas","$3206"
"Barrington Mark (R-CO)","Colorado","$3100"
"Forde Brian (D-CA)","California","$3100"
"Parrott Neil (R-MD)","Maryland","$3100"
"Vanostran Cort (D-MO)","Missouri","$3092"
"Cummings Elijah E (D-MD)","Maryland","$3088"
"Bonamici Suzanne (D-OR)","Oregon","$3079"
"Tran Mai-Khanh (D-CA)","California","$3050"
"Pocan Mark (D-WI)","Wisconsin","$3023"
"Cohen Steve (D-TN)","Tennessee","$3000"
"Davis Danny K (D-IL)","Illinois","$3000"
"Debono Dan (R-NY)","New York","$3000"
"Dent Charlie (R-PA)","Pennsylvania","$3000"
"Kelly Robin (D-IL)","Illinois","$3000"
"Schultz Debbie Wasserman (D-FL)","Florida","$3000"
"Sturgill Scott (R-FL)","Florida","$3000"
"Webster Daniel (R-FL)","Florida","$3000"
"Wallace Scott (D-PA)","Pennsylvania","$2980"
"Carbajal Salud (D-CA)","California","$2950"
"Hamadanchy Kia (D-CA)","California","$2950"
"Blankenbeker Lynne (R-NH)","New Hampshire","$2900"
"Porter Katie (D-CA)","California","$2828"
"Stevens Haley (D-MI)","Michigan","$2822"
"Deutch Ted (D-FL)","Florida","$2800"
"Jones Kevin (R-KS)","Kansas","$2800"
"Oatman Laura (D-CA)","California","$2800"
"Stanton Greg (D-AZ)","Arizona","$2756"
"Gershon Perry (D-NY)","New York","$2711"
"Doggett Lloyd (D-TX)","Texas","$2706"
"Gill David (D-IL)","Illinois","$2701"
"Suozzi Tom (D-NY)","New York","$2701"
"Braun Steve (R-IN)","Indiana","$2700"
"Campbell Tom (R-ND)","North Dakota","$2700"
"Dunbar Cynthia (R-VA)","Virginia","$2700"
"Esty Elizabeth (D-CT)","Connecticut","$2700"
"Fienning Ted (R-SC)","South Carolina","$2700"
"Friedman Alison (D-VA)","Virginia","$2700"
"Hoeber Amie (R-MD)","Maryland","$2700"
"Leroy Dave (R-ID)","Idaho","$2700"
"Levin Naomi (R-NY)","New York","$2700"
"Muroff Dan (D-PA)","Pennsylvania","$2700"
"Roe Phil (R-TN)","Tennessee","$2700"
"Rooney Francis (R-FL)","Florida","$2700"
"Sweny Sara Kellen (I-TX)","Texas","$2700"
"Tannahill Tyler (R-KS)","Kansas","$2700"
"Vargas Steve (R-CA)","California","$2700"
"Wynes Jeremy (R-IL)","Illinois","$2700"
"Westin Jason (D-TX)","Texas","$2690"
"Schiff Adam (D-CA)","California","$2638"
"Morales Diego (R-IN)","Indiana","$2600"
"Trahan Lori (D-MA)","Massachusetts","$2600"
"Rose Max (D-NY)","New York","$2581"
"Heng Elizabeth (R-CA)","California","$2525"
"Gallego Ruben (D-AZ)","Arizona","$2503"
"Fortenberry Jeff (R-NE)","Nebraska","$2500"
"Kim Donna Mercado (D-HI)","Hawaii","$2500"
"Lawrence Brenda (D-MI)","Michigan","$2500"
"Mccauley Greg (R-PA)","Pennsylvania","$2500"
"Meeks Gregory (D-NY)","New York","$2500"
"Patel Suraj (D-NY)","New York","$2500"
"Pearce Steve (R-NM)","New Mexico","$2500"
"Rab Raji (D-CA)","California","$2500"
"Sedillo Lopez Antoinette (D-NM)","New Mexico","$2500"
"Titus Dina (D-NV)","Nevada","$2500"
"Trott Dave (R-MI)","Michigan","$2500"
"Feehan Daniel (D-MN)","Minnesota","$2494"
"Williams Kathleen (D-MT)","Montana","$2458"
"Pureval Aftab (D-OH)","Ohio","$2378"
"Tipirneni Hiral (D-AZ)","Arizona","$2337"
"Jones Jimmy Darnell (D-TX)","Texas","$2301"
"DeSantis Ron (R-FL)","Florida","$2300"
"Cockburn Leslie (D-VA)","Virginia","$2279"
"Caforio Bryan (D-CA)","California","$2275"
"Aronoff Phillip (R-TX)","Texas","$2250"
"Brooks Mo (R-AL)","Alabama","$2250"
"Browning Kate (D-NY)","New York","$2250"
"Carson Andre (D-IN)","Indiana","$2250"
"Chin Doug (D-HI)","Hawaii","$2250"
"Mclinko Doug (R-PA)","Pennsylvania","$2250"
"Sostack Brad (R-FL)","Florida","$2250"
"Tyson Caryn (R-KS)","Kansas","$2250"
"Jhingan Vandana (R-IL)","Illinois","$2154"
"Stover Lindsey Davis (D-VA)","Virginia","$2050"
"Ojeda Richard (D-WV)","West Virginia","$2049"
"Houlahan Chrissy (D-PA)","Pennsylvania","$2023"
"Shapiro David (D-FL)","Florida","$2021"
"Connolly Gerry (D-VA)","Virginia","$2002"
"Himes Jim (D-CT)","Connecticut","$2001"
"Grossman Seth (R-NJ)","New Jersey","$2000"
"Kim Bryan (I-CA)","California","$2000"
"Nothstein Marty (R-PA)","Pennsylvania","$2000"
"Price David (D-NC)","North Carolina","$2000"
"Vargas Juan (D-CA)","California","$2000"
"Kesto Klint (R-MI)","Michigan","$1998"
"Finkenauer Abby (D-IA)","Iowa","$1971"
"Mitrano Tracy (D-NY)","New York","$1959"
"Rao Saira (D-CO)","Colorado","$1950"
"Robinson Art (R-OR)","Oregon","$1950"
"Brindisi Anthony (D-NY)","New York","$1830"
"Conyers John Jr (D-MI)","Michigan","$1816"
"Flynn Sean (R-CA)","California","$1750"
"Rhea Bill (R-CO)","Colorado","$1700"
"Tritch Courtney (D-IN)","Indiana","$1660"
"Driskell Gretchen (D-MI)","Michigan","$1638"
"Grant Andrew (R-CA)","California","$1600"
"Kihuen Ruben (D-NV)","Nevada","$1525"
"Thorburn Andy (D-CA)","California","$1513"
"Levario Miguel (D-TX)","Texas","$1506"
"McLeod-Skinner Jamie (D-OR)","Oregon","$1505"
"Watson Liz (D-IN)","Indiana","$1505"
"Grimes Demetries (D-FL)","Florida","$1500"
"Guillory Josh (R-LA)","Louisiana","$1500"
"Reichert Dave (R-WA)","Washington","$1500"
"Rooney Tom (R-FL)","Florida","$1500"
"Ross Heather (D-AZ)","Arizona","$1500"
"Ryan Pat (D-NY)","New York","$1500"
"McBath Lucy (D-GA)","Georgia","$1492"
"Applegate Douglas L (D-CA)","California","$1476"
"Kelly Brendan (D-IL)","Illinois","$1463"
"Depizzo Chris (R-OH)","Ohio","$1450"
"Scholten JD (D-IA)","Iowa","$1408"
"Long Carolyn (D-WA)","Washington","$1394"
"Savoie Tammy (D-LA)","Louisiana","$1385"
"Cobb Tedra (D-NY)","New York","$1358"
"Brownley Julia (D-CA)","California","$1351"
"DiNicola Ron (D-PA)","Pennsylvania","$1339"
"Ellison Keith (D-MN)","Minnesota","$1338"
"Oliver Julie (D-TX)","Texas","$1326"
"Keith Pam (D-FL)","Florida","$1305"
"Stockstill Danny (R-OK)","Oklahoma","$1300"
"Kuster Ann (D-NH)","New Hampshire","$1260"
"Aarestad David (D-CO)","Colorado","$1250"
"Balat David (R-TX)","Texas","$1250"
"Clarke Yvette (D-NY)","New York","$1250"
"Cunningham William (D-NJ)","New Jersey","$1250"
"Galbraith John Michael (D-OH)","Ohio","$1250"
"Grohman Marty (I-ME)","Maine","$1250"
"Kerr Andy (D-CO)","Colorado","$1250"
"Mackenzie Ryan (R-PA)","Pennsylvania","$1250"
"Martinez Damon (D-NM)","New Mexico","$1250"
"Maxwell Jim (R-NY)","New York","$1250"
"Kowall Michael (R-MI)","Michigan","$1249"
"Cox TJ (D-CA)","California","$1212"
"Leach Daylin (D-PA)","Pennsylvania","$1200"
"Pope Tommy (R-SC)","South Carolina","$1200"
"Parnell Archie (D-SC)","South Carolina","$1162"
"Soderberg Nancy (D-FL)","Florida","$1153"
"Bell Adrienne (D-TX)","Texas","$1140"
"McMurray Nate (D-NY)","New York","$1138"
"Morse Jessica (D-CA)","California","$1137"
"Evans Dwight (D-PA)","Pennsylvania","$1100"
"Rader Betsy (D-OH)","Ohio","$1071"
"Fisher Will (D-TX)","Texas","$1063"
"Maloney Sean Patrick (D-NY)","New York","$1055"
"Shirley Liuba Grechen (D-NY)","New York","$1026"
"Thompson James (D-KS)","Kansas","$1022"
"Jayapal Pramila (D-WA)","Washington","$1011"
"Sarbanes John (D-MD)","Maryland","$1003"
"Aramayo Vanessa (D-CA)","California","$1000"
"Barrera Roy (D-TX)","Texas","$1000"
"Beatty Joyce (D-OH)","Ohio","$1000"
"Byrne Leslie L (D-VA)","Virginia","$1000"
"Chaffetz Jason (R-UT)","Utah","$1000"
"Chu Judy (D-CA)","California","$1000"
"Combee Neil (R-FL)","Florida","$1000"
"Dayton Margaret (R-UT)","Utah","$1000"
"Dosev Cris (R-FL)","Florida","$1000"
"Dunn Neal (R-FL)","Florida","$1000"
"Epley James (R-SC)","South Carolina","$1000"
"Eshoo Anna (D-CA)","California","$1000"
"Fulford Jonathan (D-ME)","Maine","$1000"
"Glisson Vickie (R-KY)","Kentucky","$1000"
"Goodrich Grant (D-OH)","Ohio","$1000"
"Hill Judson (R-GA)","Georgia","$1000"
"Johns Jimmy (R-FL)","Florida","$1000"
"Joshi Yatish (D-IN)","Indiana","$1000"
"Kline Danner (D-AL)","Alabama","$1000"
"Levenson Stewart (R-NH)","New Hampshire","$1000"
"Lynch Stephen (D-MA)","Massachusetts","$1000"
"Manjarres Javier (R-FL)","Florida","$1000"
"Moreno Dominick (D-CO)","Colorado","$1000"
"Morin Will (D-SC)","South Carolina","$1000"
"Murphy Tim (R-PA)","Pennsylvania","$1000"
"Neal Rick (D-OH)","Ohio","$1000"
"Nguyen Danny (R-TX)","Texas","$1000"
"Noem Kristi (R-SD)","South Dakota","$1000"
"O'Donnell James (R-NY)","New York","$1000"
"Panda Chetan (D-TX)","Texas","$1000"
"Pingree Chellie (D-ME)","Maine","$1000"
"Polis Jared (D-CO)","Colorado","$1000"
"Rutherford John (R-FL)","Florida","$1000"
"Sanborn Andy (R-NH)","New Hampshire","$1000"
"Scott David (D-GA)","Georgia","$1000"
"Sires Albio (D-NJ)","New Jersey","$1000"
"Spearman Pat (D-NV)","Nevada","$1000"
"Stovall Robert (R-TX)","Texas","$1000"
"Taylor Kerith Strano (D-PA)","Pennsylvania","$1000"
"Walker Rick (R-TX)","Texas","$1000"
"Phillips Dean (D-MN)","Minnesota","$948"
"Eastman Kara (D-NE)","Nebraska","$943"
"Salas Andrew (R-NM)","New Mexico","$919"
"Langevin Jim (D-RI)","Rhode Island","$900"
"Min Dave (D-CA)","California","$900"
"Ocasio-Cortez Alexandria (D-NY)","New York","$859"
"Hulings Jay (D-TX)","Texas","$825"
"Brady Robert A (D-PA)","Pennsylvania","$800"
"Spalding Carla (R-FL)","Florida","$760"
"Brown Christine (D-WA)","Washington","$756"
"Bloom Stephen (R-PA)","Pennsylvania","$750"
"Cobb Alan Earl (R-KS)","Kansas","$750"
"Courtney Joe (D-CT)","Connecticut","$750"
"Dubberly Shannon (R-TX)","Texas","$750"
"Haggman Matt (D-FL)","Florida","$750"
"Mustafa Sameena (D-IL)","Illinois","$750"
"Reyes Carlos (R-FL)","Florida","$750"
"Soto Darren (D-FL)","Florida","$750"
"Craig Angie (D-MN)","Minnesota","$702"
"Murphy Stephanie (D-FL)","Florida","$700"
"Powell Jon (D-TX)","Texas","$700"
"Learned Andrew (D-FL)","Florida","$687"
"Gray Jim (D-KY)","Kentucky","$665"
"Lara Damian (D-NM)","New Mexico","$650"
"O'Halleran Tom (D-AZ)","Arizona","$650"
"Keirstead Hans (D-CA)","California","$635"
"Newman Marie (D-IL)","Illinois","$600"
"Walker Tami (D-TX)","Texas","$600"
"Carmona Arturo (D-CA)","California","$587"
"Hagan Mallory (D-AL)","Alabama","$568"
"Sweeney Mike (R-TX)","Texas","$560"
"Plummer Letitia (D-TX)","Texas","$559"
"Neguse Joseph (D-CO)","Colorado","$555"
"Johnson Sam (D-TX)","Texas","$550"
"Murtaugh Morgan (R-CA)","California","$550"
"Carlson Kristen (D-FL)","Florida","$543"
"Miller Aruna (D-MD)","Maryland","$525"
"Hoagenson Renee (D-MO)","Missouri","$523"
"Coleman Linda (D-NC)","North Carolina","$507"
"Leeder Jennie Lou (D-TX)","Texas","$506"
"McDowell Jan (D-TX)","Texas","$506"
"Dean Madeleine (D-PA)","Pennsylvania","$502"
"Ashford Brad (D-NE)","Nebraska","$500"
"Bacon Kevin (R-OH)","Ohio","$500"
"Birkenstock Veronica (R-TX)","Texas","$500"
"Cadien Tawana (D-TX)","Texas","$500"
"Canseco Quico (R-TX)","Texas","$500"
"Cicilline David (D-RI)","Rhode Island","$500"
"Clegg Dave (D-NY)","New York","$500"
"Crossey Michael J (D-PA)","Pennsylvania","$500"
"Cullop Ben (D-VA)","Virginia","$500"
"DeLauro Rosa (D-CT)","Connecticut","$500"
"Diganvker Jitendra (R-IL)","Illinois","$500"
"Greenfield Theresa (D-IA)","Iowa","$500"
"Hassett Doug (R-CA)","California","$500"
"Hill Shak (R-VA)","Virginia","$500"
"Hopkins Randy (D-UT)","Utah","$500"
"Jones Mary (R-VA)","Virginia","$500"
"Kaufman Joe (R-FL)","Florida","$500"
"Love Shirley (D-WV)","West Virginia","$500"
"Lowey Nita M (D-NY)","New York","$500"
"Madden Patrick (D-NY)","New York","$500"
"Malek Luke (R-ID)","Idaho","$500"
"Mapp Chris (R-TX)","Texas","$500"
"Matheny Judd (R-TN)","Tennessee","$500"
"Mcintosh Elijah (D-OK)","Oklahoma","$500"
"Morganelli John (D-PA)","Pennsylvania","$500"
"Mullins Thomas E (R-NM)","New Mexico","$500"
"Nelson Carla (R-MN)","Minnesota","$500"
"Olson Craig (D-ME)","Maine","$500"
"Prejean Christina (D-CA)","California","$500"
"Rhodes Gareth (D-NY)","New York","$500"
"Ruppersberger Dutch (D-MD)","Maryland","$500"
"Sabato Antonio Jr (R-CA)","California","$500"
"Scott Zach (D-OH)","Ohio","$500"
"Spiers Jon (R-TX)","Texas","$500"
"Tanoos William (D-IN)","Indiana","$500"
"Van Houten Tracy (D-CA)","California","$500"
"Weber Linda (D-NJ)","New Jersey","$500"
"Whittaker Malcolm (R-TX)","Texas","$500"
"Lucas Conrad (R-WV)","West Virginia","$475"
"Bourdeaux Carolyn (D-GA)","Georgia","$449"
"Methvin Mimi (D-LA)","Louisiana","$405"
"Lieu Ted (D-CA)","California","$400"
"Mitchell Danielle (D-TN)","Tennessee","$350"
"Beal Brent (D-TX)","Texas","$346"
"Wolff Denny (D-PA)","Pennsylvania","$320"
"Richardson David (D-FL)","Florida","$310"
"Mazeski Kelly (D-IL)","Illinois","$300"
"Isner Tabitha (D-AL)","Alabama","$277"
"Hayes Jahana (D-CT)","Connecticut","$271"
"Allen Kathryn (D-UT)","Utah","$260"
"Phoenix Jess (D-CA)","California","$260"
"Brown Lisa (D-WA)","Washington","$258"
"Kohl Dan (D-WI)","Wisconsin","$258"
"Crowe Derrick (D-TX)","Texas","$255"
"Pappas Chris (D-NH)","New Hampshire","$255"
"Adams Denise Darcel (D-NC)","North Carolina","$250"
"Angle Sharron (R-NV)","Nevada","$250"
"Bieda Steve (D-MI)","Michigan","$250"
"Bliatout Bobby (D-CA)","California","$250"
"Bunny Sean (D-NY)","New York","$250"
"Chen Jay (D-CA)","California","$250"
"Davidson Margo (D-PA)","Pennsylvania","$250"
"Deen Sam (R-TX)","Texas","$250"
"Dunn Morgan (R-MS)","Mississippi","$250"
"Emert Jason (R-TN)","Tennessee","$250"
"Franks Trent (R-AZ)","Arizona","$250"
"Garcia Roel (D-TX)","Texas","$250"
"Helmer Daniel (D-VA)","Virginia","$250"
"Hernandez Sara (D-CA)","California","$250"
"Jennings Adam (D-MN)","Minnesota","$250"
"Johnson Kevin (D-PA)","Pennsylvania","$250"
"Linsenmayer Ray (D-PA)","Pennsylvania","$250"
"Livengood Marla (R-CA)","California","$250"
"Lutz Mary Ann (D-CA)","California","$250"
"Mantey Dale S (D-TX)","Texas","$250"
"McPherson Bruce (R-GA)","Georgia","$250"
"Melson Boyd (D-NY)","New York","$250"
"Mills Thomas (D-NC)","North Carolina","$250"
"Mullen Michael (I-MA)","Massachusetts","$250"
"Pelletier Paul (D-VA)","Virginia","$250"
"Rackleff Bob (D-FL)","Florida","$250"
"Shipp Brett (D-TX)","Texas","$250"
"Suddarth John (D-VA)","Virginia","$250"
"Volpato Jack (R-NM)","New Mexico","$250"
"Walker Paul (D-KY)","Kentucky","$250"
"Wells Bill (R-CA)","California","$250"
"Wilson Mary (D-TX)","Texas","$250"
"Zmrhal Eric K (R-TX)","Texas","$250"
"St John Brendan (I-CA)","California","$249"
"Grijalva Raul M (D-AZ)","Arizona","$238"
"Kennedy Rick (D-TX)","Texas","$207"
"Hartman Christina (D-PA)","Pennsylvania","$200"
"Spoerer Carl (D-IL)","Illinois","$200"
"King Jess (D-PA)","Pennsylvania","$180"
"Schakowsky Jan (D-IL)","Illinois","$171"
"Adia Vanessa (D-TX)","Texas","$157"
"Williams Vangie (D-VA)","Virginia","$155"
"Carrillo Wendy (D-CA)","California","$150"
"Dove Jeff (R-VA)","Virginia","$150"
"Balter Dana (D-NY)","New York","$137"
"Amatul-Wadud Tahirah (D-MA)","Massachusetts","$125"
"Martin Henry (D-MO)","Missouri","$125"
"Myers Cathy (D-WI)","Wisconsin","$125"
"Shamel Hayden (D-AR)","Arkansas","$125"
"Bush Diane Mitsch (D-CO)","Colorado","$109"
"Westbrook Brianna (D-AZ)","Arizona","$105"
"Perry Paul (D-PA)","Pennsylvania","$103"
"Flores Yolie (D-CA)","California","$100"
"Freeman April (D-FL)","Florida","$100"
"Holbrook Mark (R-ME)","Maine","$100"
"Perri Chris (D-TX)","Texas","$100"
"Ramsey George (D-IA)","Iowa","$100"
"Smith Carlton (D-MS)","Mississippi","$100"
"Radinovich Joe (D-MN)","Minnesota","$96"
"Wild Susan (D-PA)","Pennsylvania","$93"
"Fagan Linsey (D-TX)","Texas","$84"
"Denney Audrey (D-CA)","California","$75"
"Glenn Darryl (R-CO)","Colorado","$75"
"Hanson Ben (D-ND)","North Dakota","$75"
"Kanew Justin (D-TN)","Tennessee","$65"
"Castor Kathy (D-FL)","Florida","$59"
"Fershee Kendra (D-WV)","West Virginia","$55"
"Palmer Susan (D-OH)","Ohio","$55"
"Burch Lorie (D-TX)","Texas","$54"
"Ghorbani Shireen (D-UT)","Utah","$54"
"Horton Kyle (D-NC)","North Carolina","$54"
"Barzee Flores Mary (D-FL)","Florida","$53"
"Matta Tatiana (D-CA)","California","$51"
"Baake David (D-NM)","New Mexico","$50"
"Cargas James (D-TX)","Texas","$50"
"Fleenor Jessee Carlton (D-LA)","Louisiana","$50"
"Matiella Mary Sally (D-AZ)","Arizona","$50"
"Trevino Rick (D-TX)","Texas","$50"
"Shalala Donna (D-FL)","Florida","$40"
"Vaid Omar (D-NY)","New York","$36"
"Brill David (D-AZ)","Arizona","$35"
"Welder Brent (D-KS)","Kansas","$32"
"Canova Tim (I-FL)","Florida","$31"
"Krantz Catherine (D-TX)","Texas","$31"
"Heinz Matt (D-AZ)","Arizona","$30"
"L'Italien Barbara (D-MA)","Massachusetts","$30"
"Jammal Sam (D-CA)","California","$25"
"Osmack Mark (D-MO)","Missouri","$25"
"Rittereiser Jason (D-WA)","Washington","$25"
"Cunningham Joe (D-SC)","South Carolina","$23"
"Bush Cori (D-MO)","Missouri","$21"
"Jacobsen Leann (D-IA)","Iowa","$20"
"Nolan Rick (D-MN)","Minnesota","$17"
"Lake Jeannine Lee (D-IN)","Indiana","$15"
"Zimmerman Jennifer (D-FL)","Florida","$15"
"Holguin Eric (D-TX)","Texas","$14"
"Sagan Greg (D-TX)","Texas","$12"
"Vilela Amy (D-NV)","Nevada","$11"
"Bera Ami (D-CA)","California","$10"
"Keady Jim (D-NJ)","New Jersey","$10"
"Khorasani Ali (D-TX)","Texas","$10"
"Marshall Jennifer (D-NC)","North Carolina","$10"
"Thornton Dee (D-IN)","Indiana","$10"
"Velazquez Nydia (D-NY)","New York","$9"
"Huffstetler Roger Dean (D-VA)","Virginia","$8"
"Longjohn Matt (D-MI)","Michigan","$7"
"Wood Dan (D-TX)","Texas","$7"
"Anderson Jeramey (D-MS)","Mississippi","$5"
"Dady Sara (D-IL)","Illinois","$5"
"Jaffe Stephen (D-CA)","California","$5"
"Kier Grant (D-MT)","Montana","$5"
"Meng Grace (D-NY)","New York","$5"
"Palzewicz Tom (D-WI)","Wisconsin","$5"
"Phillips Mariah (D-TN)","Tennessee","$5"
"Trundle Ryan (D-LA)","Louisiana","$5"
"Clark Anthony (D-IL)","Illinois","$4"
"Richardson Chardo (D-FL)","Florida","$4"
"Smith Sarah (D-WA)","Washington","$4"
"Adams Alma (D-NC)","North Carolina","$3"
"Hall Mel (D-IN)","Indiana","$3"
"Levin Andy (D-MI)","Michigan","$3"
"Pressley Ayanna (D-MA)","Massachusetts","$3"
"Coleman Bonnie Watson (D-NJ)","New Jersey","$2"
"Frankel Lois (D-FL)","Florida","$2"
"Hoyos Renee (D-TN)","Tennessee","$2"
"Benac David (D-MI)","Michigan","$1"
"Davidson Rob (D-MI)","Michigan","$1"
"Desai Chintan (D-AR)","Arkansas","$1"
"Ellis Kathryn (D-MO)","Missouri","$1"
"Enoch Vanessa (D-OH)","Ohio","$1"
"Friedenberg Marc (D-PA)","Pennsylvania","$1"
"Gasque Dorothy (D-WA)","Washington","$1"
"Hepburn Michael (D-FL)","Florida","$1"
"Jacob Peter (D-NJ)","New Jersey","$1"
"Koble Clint (D-NV)","Nevada","$1"
"Linderman Hank (D-KY)","Kentucky","$1"
"Mccall Josh (D-GA)","Georgia","$1"
"McCollum Betty (D-MN)","Minnesota","$1"
"Nygard Dotty (D-CA)","California","$1"
"Reed Wendy (D-CA)","California","$1"
"Rowe Courtney (D-IA)","Iowa","$1"
"Selmont Ges (D-FL)","Florida","$1"
"Singer James (D-UT)","Utah","$1"
"Tsongas Niki (D-MA)","Massachusetts","$1"
"Wadkins Randy (D-MS)","Mississippi","$1"
"Babinec Martin (I-NY)","New York","-$1000"
"Hinojosa Ruben (D-TX)","Texas","-$1000"
"Levin Sander (D-MI)","Michigan","-$1000"
"Pitts Joe (R-PA)","Pennsylvania","-$1000"
"Baugh Scott (R-CA)","California","-$1450"
"LoBiondo Frank (R-NJ)","New Jersey","-$1500"
"Black Diane (R-TN)","Tennessee","-$1750"
"Tlaib Rashida (D-MI)","Michigan","-$2359"
"Birman Igor A (R-CA)","California","-$5200"